<!--
	krpano
	- flyout more hotspots example
	- when one hotspot is flying out, all others will fly back in
-->

<krpano>

	<!-- use only a grid preview pano (to save download space) -->
	<preview type="grid(cube,16,16,512,0xCCCCCC,0xFFFFFF,0x999999);" details="16" />

	<!-- view settings -->
	<view hlookat="12" vlookat="40" fov="105" />


	<!-- use a <style> to share the same attriubtes for all hotspots -->
	<style name="flyoutimage"
	       distorted="true"
	       backup_rx="0"
	       backup_ry="0"
	       backup_rz="0"
	       backup_scale="0"
	       backup_zorder="0"
	       flying="0.0"
	       flystate="0"
	       onclick="if(flystate == 0, flyout_by_name(get(name)), flyback_by_name(get(name)) );"
	       />

	<hotspot name="spot1" style="flyoutimage"
	         url="image1.jpg"
	         zorder="1"
	         ath="45"
	         atv="54"
	         scale="0.5"
	         rx="-22.5" ry="-26.25" rz="-50.1"
	         />

	<hotspot name="spot2" style="flyoutimage"
	         url="image2.jpg"
	         zorder="2"
	         ath="60"
	         atv="54"
	         scale="0.5"
	         rx="-22.5" ry="-26.25" rz="-50.1"
	         />

	<hotspot name="spot3" style="flyoutimage"
	         url="image3.jpg"
	         zorder="3"
	         ath="75"
	         atv="58"
	         scale="0.5"
	         rx="-22.5" ry="-26.25" rz="-50.1"
	         />


	<!--
		flyout/flyback actions
		(for more stylish in/out animations play with different tweentypes and times)
	-->

	<action name="flyout_by_name">
		<!-- make all other hotspots flying back -->
		flyback_others();

		<!--
			for best control set 4 fly states:
			0 = normal
			1 = while flying out
			2 = out
			3 = while flying back
		-->

		<!-- save original position/rotation -->
		if(hotspot[%1].flystate == 0,
		    copy(hotspot[%1].backup_rx,     hotspot[%1].rx);
		    copy(hotspot[%1].backup_ry,     hotspot[%1].ry);
		    copy(hotspot[%1].backup_rz,     hotspot[%1].rz);
		    copy(hotspot[%1].backup_scale,  hotspot[%1].scale);
		    copy(hotspot[%1].backup_zorder, hotspot[%1].zorder);
		  );

		<!-- set new state -->
		set(hotspot[%1].flystate,1);
		set(hotspot[%1].zorder,99);

		<!-- tween the rotations values to 0 for a flat screen view -->
		tween(hotspot[%1].rx, 0);
		tween(hotspot[%1].ry, 0);
		tween(hotspot[%1].rz, 0);
		tween(hotspot[%1].scale, 1.5);

		<!--
			tween 'flying' to 1.0,
			this makes the hotspot independent from the panorama rotation and scaling
		-->
		tween(hotspot[%1].flying, 1.0, 0.5, default, set(hotspot[%1].flystate,2); );
	</action>


	<action name="flyback_by_name">
		if(hotspot[%1].flystate != 3,
			set(hotspot[%1].flystate,3);

			<!-- tween back to the stored backup values -->
			tween(hotspot[%1].rx,    get(hotspot[%1].backup_rx)    );
			tween(hotspot[%1].ry,    get(hotspot[%1].backup_ry)    );
			tween(hotspot[%1].rz,    get(hotspot[%1].backup_rz)    );
			tween(hotspot[%1].scale, get(hotspot[%1].backup_scale) );

			copy(hotspot[%1].zorder, hotspot[%1].backup_zorder);

			<!-- tween 'flying' also back to 0.0 -->
			tween(hotspot[%1].flying, 0.0, 0.5, default, set(hotspot[%1].flystate,0); );
		  );
	</action>


	<action name="flyback_others">
		for(set(i,0), i LT hotspot.count, inc(i),
			if(hotspot[%i].flystate GT 0, flyback_by_name(get(hotspot[get(i)].name)); );
		  );
	</action>


</krpano>

