<krpano>

	<!-- use a grid preview pano as background -->
	<preview type="grid(cube,16,16,512,0xCCCCCC,0xF6F6F6,0x999999);" details="16" />

	<!-- view settings -->
	<view hlookat="0" vlookat="0" fovtype="VFOV" fov="100" fovmin="60" fovmax="150" />


	<!-- layer type=container elements can be used either as single-colored boxes ... -->
	<layer name="topbar"    type="container" align="lefttop"    width="100%" height="50" bgcolor="0x000000" bgalpha="0.5" />

	
	<!-- ... and/or as container for other layer/plugin elements -->
	<layer name="buttons" type="container" align="center" width="176" height="84" x="0" y="0">
		<layer name="button1" type="container" align="lefttop" x="0"  y="0" width="84" height="84" bgcolor="0xFF0000" bgalpha="1.0" bgcapture="true" ondown="asyncloop(pressed, dec(layer[buttons].y,2); );" />
		<layer name="button2" type="container" align="lefttop" x="92" y="0" width="84" height="84" bgcolor="0x0000FF" bgalpha="1.0" bgcapture="true" ondown="asyncloop(pressed, inc(layer[buttons].y,2); );" />
	</layer>

	
	<!-- by using maskchildren=true it would be possible to move other layers inside the parent layer -->
	<layer name="scrollbox" type="container" align="left" width="200" height="50%" bgcolor="0x000000" bgalpha="1.0" maskchildren="true">
		<layer name="button" type="container" align="lefttop" x="10" y="10"   zorder="1" width="32"   height="32"   bgcolor="0xFF0000" bgalpha="1.0" bgcapture="true" onclick="tween(layer[hidden].y,0%);"   />
		<layer name="hidden" type="container" align="lefttop" x="0"  y="100%" zorder="2" width="100%" height="100%" bgcolor="0x00FF00" bgalpha="0.5" bgcapture="true" onclick="tween(layer[hidden].y,100%);" />
	</layer>


</krpano>
