<!--
	krpano
	- introimage example
	- show an image during loading and fades it out 2 seconds after loading was done
	- clicking on the image will remove it too
-->

<krpano>

	<!-- pano image -->
	<preview url="../../panos/p2/preview.jpg" />
	<image>
		<cube url="../../panos/p2/pano_%s.jpg" />
	</image>
	
	<!-- view settings -->
	<view hlookat="0" vlookat="0" fovtype="MFOV" fov="100" fovmin="60" fovmax="140" />
	
	<events name="panoevents"
	        onloadcomplete="delayedcall(introimage, 4.0, if(layer[introimage], hideintroimage() ); ); set(events[panoevents].onloadcomplete,null);"
	        onremovepano="stopdelayedcall(introimage);"
	        />
	
	
	<layer name="introimage"
	       url="introimage.png"
	       align="center"
	       onloaded="set(alpha,0); tween(alpha,1.0);"
	       onclick="hideintroimage();"
	       />
	
	<action name="hideintroimage">
		if(layer[introimage].enabled,
			set(layer[introimage].enabled,false);
			tween(layer[introimage].alpha, 0.0, 0.5, default, removelayer(introimage));
		  );
	</action>

</krpano>

