<!--
	krpano - soundinterface - directional sound example (Flash only)
-->

<krpano>

	<!-- load/preload the soundinterface plugin -->
	<plugin name="soundinterface"
	        url="%SWFPATH%/plugins/soundinterface.swf"
	        alturl="%SWFPATH%/plugins/soundinterface.js"
	        rootpath="%CURRENTXML%"
	        preload="true" keep="true"
	        />
	
	
	<!-- a button to mute/unmute the sound -->
	<plugin name="snd" url="soundonoff.png" align="leftbottom" x="10" y="10" alpha="0.25" scale="1.0" 
		    onover="tween(alpha,1);" 
		    onout="tween(alpha,0.25);" 
	        crop="0|0|50|50"
	        onclick="switch(soundinterface.mute); switch(crop, 0|0|50|50, 0|50|50|50);" 
	        />



	<!-- play sound at 0/0 -->
	<hotspot name="b1" url="button1.png" ath="0"   atv="0" onclick="playsound3D(s1,music1.mp3, 0,0);" />

	<!-- play sound at 90/0 - range 120 -->
	<hotspot name="b2" url="button2.png" ath="90"  atv="0" onclick="playsound3D(s2,music2.mp3, 90,0, 120); " />

	<!-- play sound at hotspot positon -->
	<hotspot name="b3" url="button3.png" ath="180" atv="0" onclick="playsound3DHS(s3,music3.mp3, b3);" />

	<!-- stop all other sounds, play sound at moving hotspot positon -->
	<hotspot name="b4" url="button4.png" ath="270" atv="0" onclick="stopallsounds(); playsound3DHS(s4, music4.mp3, b4); tween(ath,630,20);" />


	<!-- the playsound3D and playsound3DHS action are not available in HTML5, add dummy actions here that play the sound normally -->
	<action name="playsound3D" devices="html5">playsound(%1,%2);</action>
	<action name="playsound3DHS" devices="html5">playsound(%1,%2);</action>


	<!-- pano -->
	<preview url="../../panos/p2/preview.jpg" />
	<image>
		<cube url="../../panos/p2/pano_%s.jpg" />
	</image>
	
	<!-- view settings -->
	<view hlookat="0" vlookat="0" fovtype="MFOV" fov="90" fovmin="60" fovmax="120" />


</krpano>
